cod_departamento,departamento,cod_candidato,candidato,partido,votos
01,ANTIOQUIA,004,ABELARDO DE LA ESPRIELLA,DEFENSORES DE LA PATRIA,1725297
01,ANTIOQUIA,001,IVÁN CEPEDA CASTRO,MOVIMIENTO POLÍTICO PACTO HISTÓRICO,806959
01,ANTIOQUIA,011,PALOMA VALENCIA LASERNA,PARTIDO CENTRO DEMOCRÁTICO,294557
01,ANTIOQUIA,012,SERGIO FAJARDO VALDERRAMA,PARTIDO POLÍTICO DIGNIDAD & COMPROMISO,225181
01,ANTIOQUIA,996,No Marcados,Sin partido / Voto especial,60490
01,ANTIOQUIA,997,Votos Nulos,Sin partido / Voto especial,31045
01,ANTIOQUIA,003,RAÚL SANTIAGO BOTERO JARAMILLO,ROMPER EL SISTEMA,30107
01,ANTIOQUIA,002,CLAUDIA LÓPEZ,CON CLAUDIA IMPARABLES,13065
01,ANTIOQUIA,998,Votos en Blanco,Sin partido / Voto especial,9906
01,ANTIOQUIA,006,MIGUEL URIBE LONDOÑO,PARTIDO DEMÓCRATA COLOMBIANO,4355
01,ANTIOQUIA,005,ÓSCAR MAURICIO LIZCANO ARANGO,COALICIÓN F.A.M.I.L.I.A,4271
01,ANTIOQUIA,007,SONDRA MACOLLINS GARVIN PINTO,"SONDRA MACOLLINS, LA ABOGADA DE HIERRO",2711
01,ANTIOQUIA,008,ROY LEONARDO BARRERAS MONTEALEGRE,PARTIDO POLÍTICO LA FUERZA,1843
01,ANTIOQUIA,010,GUSTAVO MATAMOROS CAMACHO,PARTIDO ECOLOGISTA COLOMBIANO,605
01,ANTIOQUIA,009,CARLOS EDUARDO CAICEDO OMAR,CAICEDO,0
01,ANTIOQUIA,013,LUIS GILBERTO MURILLO URRUTIA,LA OPORTUNIDAD ES COLOMBIA,0
03,ATLANTICO,001,IVÁN CEPEDA CASTRO,MOVIMIENTO POLÍTICO PACTO HISTÓRICO,553101
03,ATLANTICO,004,ABELARDO DE LA ESPRIELLA,DEFENSORES DE LA PATRIA,433031
03,ATLANTICO,012,SERGIO FAJARDO VALDERRAMA,PARTIDO POLÍTICO DIGNIDAD & COMPROMISO,27819
03,ATLANTICO,011,PALOMA VALENCIA LASERNA,PARTIDO CENTRO DEMOCRÁTICO,20950
03,ATLANTICO,996,No Marcados,Sin partido / Voto especial,12351
03,ATLANTICO,997,Votos Nulos,Sin partido / Voto especial,4714
03,ATLANTICO,003,RAÚL SANTIAGO BOTERO JARAMILLO,ROMPER EL SISTEMA,3288
03,ATLANTICO,998,Votos en Blanco,Sin partido / Voto especial,2271
03,ATLANTICO,002,CLAUDIA LÓPEZ,CON CLAUDIA IMPARABLES,2245
03,ATLANTICO,005,ÓSCAR MAURICIO LIZCANO ARANGO,COALICIÓN F.A.M.I.L.I.A,2046
03,ATLANTICO,006,MIGUEL URIBE LONDOÑO,PARTIDO DEMÓCRATA COLOMBIANO,593
03,ATLANTICO,007,SONDRA MACOLLINS GARVIN PINTO,"SONDRA MACOLLINS, LA ABOGADA DE HIERRO",488
03,ATLANTICO,008,ROY LEONARDO BARRERAS MONTEALEGRE,PARTIDO POLÍTICO LA FUERZA,289
03,ATLANTICO,010,GUSTAVO MATAMOROS CAMACHO,PARTIDO ECOLOGISTA COLOMBIANO,153
03,ATLANTICO,009,CARLOS EDUARDO CAICEDO OMAR,CAICEDO,0
03,ATLANTICO,013,LUIS GILBERTO MURILLO URRUTIA,LA OPORTUNIDAD ES COLOMBIA,0
05,BOLIVAR,001,IVÁN CEPEDA CASTRO,MOVIMIENTO POLÍTICO PACTO HISTÓRICO,443496
05,BOLIVAR,004,ABELARDO DE LA ESPRIELLA,DEFENSORES DE LA PATRIA,312612
05,BOLIVAR,011,PALOMA VALENCIA LASERNA,PARTIDO CENTRO DEMOCRÁTICO,23912
05,BOLIVAR,012,SERGIO FAJARDO VALDERRAMA,PARTIDO POLÍTICO DIGNIDAD & COMPROMISO,15713
05,BOLIVAR,996,No Marcados,Sin partido / Voto especial,13307
05,BOLIVAR,997,Votos Nulos,Sin partido / Voto especial,4536
05,BOLIVAR,003,RAÚL SANTIAGO BOTERO JARAMILLO,ROMPER EL SISTEMA,4105
05,BOLIVAR,998,Votos en Blanco,Sin partido / Voto especial,2564
05,BOLIVAR,005,ÓSCAR MAURICIO LIZCANO ARANGO,COALICIÓN F.A.M.I.L.I.A,2518
05,BOLIVAR,002,CLAUDIA LÓPEZ,CON CLAUDIA IMPARABLES,2301
05,BOLIVAR,006,MIGUEL URIBE LONDOÑO,PARTIDO DEMÓCRATA COLOMBIANO,820
05,BOLIVAR,007,SONDRA MACOLLINS GARVIN PINTO,"SONDRA MACOLLINS, LA ABOGADA DE HIERRO",542
05,BOLIVAR,008,ROY LEONARDO BARRERAS MONTEALEGRE,PARTIDO POLÍTICO LA FUERZA,411
05,BOLIVAR,010,GUSTAVO MATAMOROS CAMACHO,PARTIDO ECOLOGISTA COLOMBIANO,163
05,BOLIVAR,009,CARLOS EDUARDO CAICEDO OMAR,CAICEDO,0
05,BOLIVAR,013,LUIS GILBERTO MURILLO URRUTIA,LA OPORTUNIDAD ES COLOMBIA,0
07,BOYACA,004,ABELARDO DE LA ESPRIELLA,DEFENSORES DE LA PATRIA,337263
07,BOYACA,001,IVÁN CEPEDA CASTRO,MOVIMIENTO POLÍTICO PACTO HISTÓRICO,215942
07,BOYACA,011,PALOMA VALENCIA LASERNA,PARTIDO CENTRO DEMOCRÁTICO,57533
07,BOYACA,012,SERGIO FAJARDO VALDERRAMA,PARTIDO POLÍTICO DIGNIDAD & COMPROMISO,28810
07,BOYACA,996,No Marcados,Sin partido / Voto especial,10318
07,BOYACA,002,CLAUDIA LÓPEZ,CON CLAUDIA IMPARABLES,8114
07,BOYACA,997,Votos Nulos,Sin partido / Voto especial,7360
07,BOYACA,003,RAÚL SANTIAGO BOTERO JARAMILLO,ROMPER EL SISTEMA,6076
07,BOYACA,998,Votos en Blanco,Sin partido / Voto especial,1622
07,BOYACA,005,ÓSCAR MAURICIO LIZCANO ARANGO,COALICIÓN F.A.M.I.L.I.A,1139
07,BOYACA,006,MIGUEL URIBE LONDOÑO,PARTIDO DEMÓCRATA COLOMBIANO,931
07,BOYACA,007,SONDRA MACOLLINS GARVIN PINTO,"SONDRA MACOLLINS, LA ABOGADA DE HIERRO",654
07,BOYACA,008,ROY LEONARDO BARRERAS MONTEALEGRE,PARTIDO POLÍTICO LA FUERZA,426
07,BOYACA,010,GUSTAVO MATAMOROS CAMACHO,PARTIDO ECOLOGISTA COLOMBIANO,142
07,BOYACA,009,CARLOS EDUARDO CAICEDO OMAR,CAICEDO,0
07,BOYACA,013,LUIS GILBERTO MURILLO URRUTIA,LA OPORTUNIDAD ES COLOMBIA,0
09,CALDAS,004,ABELARDO DE LA ESPRIELLA,DEFENSORES DE LA PATRIA,218862
09,CALDAS,001,IVÁN CEPEDA CASTRO,MOVIMIENTO POLÍTICO PACTO HISTÓRICO,146218
09,CALDAS,011,PALOMA VALENCIA LASERNA,PARTIDO CENTRO DEMOCRÁTICO,61920
09,CALDAS,012,SERGIO FAJARDO VALDERRAMA,PARTIDO POLÍTICO DIGNIDAD & COMPROMISO,26666
09,CALDAS,005,ÓSCAR MAURICIO LIZCANO ARANGO,COALICIÓN F.A.M.I.L.I.A,13825
09,CALDAS,996,No Marcados,Sin partido / Voto especial,9842
09,CALDAS,997,Votos Nulos,Sin partido / Voto especial,9744
09,CALDAS,003,RAÚL SANTIAGO BOTERO JARAMILLO,ROMPER EL SISTEMA,6096
09,CALDAS,002,CLAUDIA LÓPEZ,CON CLAUDIA IMPARABLES,4897
09,CALDAS,998,Votos en Blanco,Sin partido / Voto especial,2437
09,CALDAS,006,MIGUEL URIBE LONDOÑO,PARTIDO DEMÓCRATA COLOMBIANO,1084
09,CALDAS,007,SONDRA MACOLLINS GARVIN PINTO,"SONDRA MACOLLINS, LA ABOGADA DE HIERRO",595
09,CALDAS,008,ROY LEONARDO BARRERAS MONTEALEGRE,PARTIDO POLÍTICO LA FUERZA,439
09,CALDAS,010,GUSTAVO MATAMOROS CAMACHO,PARTIDO ECOLOGISTA COLOMBIANO,147
09,CALDAS,009,CARLOS EDUARDO CAICEDO OMAR,CAICEDO,0
09,CALDAS,013,LUIS GILBERTO MURILLO URRUTIA,LA OPORTUNIDAD ES COLOMBIA,0
11,CAUCA,001,IVÁN CEPEDA CASTRO,MOVIMIENTO POLÍTICO PACTO HISTÓRICO,463068
11,CAUCA,004,ABELARDO DE LA ESPRIELLA,DEFENSORES DE LA PATRIA,131187
11,CAUCA,011,PALOMA VALENCIA LASERNA,PARTIDO CENTRO DEMOCRÁTICO,40376
11,CAUCA,996,No Marcados,Sin partido / Voto especial,16452
11,CAUCA,997,Votos Nulos,Sin partido / Voto especial,15584
11,CAUCA,012,SERGIO FAJARDO VALDERRAMA,PARTIDO POLÍTICO DIGNIDAD & COMPROMISO,12007
11,CAUCA,003,RAÚL SANTIAGO BOTERO JARAMILLO,ROMPER EL SISTEMA,5172
11,CAUCA,998,Votos en Blanco,Sin partido / Voto especial,4931
11,CAUCA,002,CLAUDIA LÓPEZ,CON CLAUDIA IMPARABLES,3959
11,CAUCA,005,ÓSCAR MAURICIO LIZCANO ARANGO,COALICIÓN F.A.M.I.L.I.A,1223
11,CAUCA,006,MIGUEL URIBE LONDOÑO,PARTIDO DEMÓCRATA COLOMBIANO,1207
11,CAUCA,007,SONDRA MACOLLINS GARVIN PINTO,"SONDRA MACOLLINS, LA ABOGADA DE HIERRO",804
11,CAUCA,008,ROY LEONARDO BARRERAS MONTEALEGRE,PARTIDO POLÍTICO LA FUERZA,718
11,CAUCA,010,GUSTAVO MATAMOROS CAMACHO,PARTIDO ECOLOGISTA COLOMBIANO,217
11,CAUCA,009,CARLOS EDUARDO CAICEDO OMAR,CAICEDO,0
11,CAUCA,013,LUIS GILBERTO MURILLO URRUTIA,LA OPORTUNIDAD ES COLOMBIA,0
12,CESAR,001,IVÁN CEPEDA CASTRO,MOVIMIENTO POLÍTICO PACTO HISTÓRICO,225055
12,CESAR,004,ABELARDO DE LA ESPRIELLA,DEFENSORES DE LA PATRIA,224043
12,CESAR,011,PALOMA VALENCIA LASERNA,PARTIDO CENTRO DEMOCRÁTICO,11949
12,CESAR,012,SERGIO FAJARDO VALDERRAMA,PARTIDO POLÍTICO DIGNIDAD & COMPROMISO,8209
12,CESAR,996,No Marcados,Sin partido / Voto especial,7094
12,CESAR,997,Votos Nulos,Sin partido / Voto especial,4696
12,CESAR,003,RAÚL SANTIAGO BOTERO JARAMILLO,ROMPER EL SISTEMA,3887
12,CESAR,998,Votos en Blanco,Sin partido / Voto especial,1318
12,CESAR,002,CLAUDIA LÓPEZ,CON CLAUDIA IMPARABLES,1122
12,CESAR,005,ÓSCAR MAURICIO LIZCANO ARANGO,COALICIÓN F.A.M.I.L.I.A,880
12,CESAR,006,MIGUEL URIBE LONDOÑO,PARTIDO DEMÓCRATA COLOMBIANO,360
12,CESAR,007,SONDRA MACOLLINS GARVIN PINTO,"SONDRA MACOLLINS, LA ABOGADA DE HIERRO",232
12,CESAR,008,ROY LEONARDO BARRERAS MONTEALEGRE,PARTIDO POLÍTICO LA FUERZA,167
12,CESAR,010,GUSTAVO MATAMOROS CAMACHO,PARTIDO ECOLOGISTA COLOMBIANO,81
12,CESAR,009,CARLOS EDUARDO CAICEDO OMAR,CAICEDO,0
12,CESAR,013,LUIS GILBERTO MURILLO URRUTIA,LA OPORTUNIDAD ES COLOMBIA,0
13,CORDOBA,001,IVÁN CEPEDA CASTRO,MOVIMIENTO POLÍTICO PACTO HISTÓRICO,394598
13,CORDOBA,004,ABELARDO DE LA ESPRIELLA,DEFENSORES DE LA PATRIA,268819
13,CORDOBA,011,PALOMA VALENCIA LASERNA,PARTIDO CENTRO DEMOCRÁTICO,19464
13,CORDOBA,996,No Marcados,Sin partido / Voto especial,9623
13,CORDOBA,012,SERGIO FAJARDO VALDERRAMA,PARTIDO POLÍTICO DIGNIDAD & COMPROMISO,8240
13,CORDOBA,997,Votos Nulos,Sin partido / Voto especial,4045
13,CORDOBA,003,RAÚL SANTIAGO BOTERO JARAMILLO,ROMPER EL SISTEMA,2908
13,CORDOBA,998,Votos en Blanco,Sin partido / Voto especial,2028
13,CORDOBA,002,CLAUDIA LÓPEZ,CON CLAUDIA IMPARABLES,1567
13,CORDOBA,005,ÓSCAR MAURICIO LIZCANO ARANGO,COALICIÓN F.A.M.I.L.I.A,1119
13,CORDOBA,006,MIGUEL URIBE LONDOÑO,PARTIDO DEMÓCRATA COLOMBIANO,507
13,CORDOBA,007,SONDRA MACOLLINS GARVIN PINTO,"SONDRA MACOLLINS, LA ABOGADA DE HIERRO",452
13,CORDOBA,008,ROY LEONARDO BARRERAS MONTEALEGRE,PARTIDO POLÍTICO LA FUERZA,330
13,CORDOBA,010,GUSTAVO MATAMOROS CAMACHO,PARTIDO ECOLOGISTA COLOMBIANO,96
13,CORDOBA,009,CARLOS EDUARDO CAICEDO OMAR,CAICEDO,0
13,CORDOBA,013,LUIS GILBERTO MURILLO URRUTIA,LA OPORTUNIDAD ES COLOMBIA,0
15,CUNDINAMARCA,004,ABELARDO DE LA ESPRIELLA,DEFENSORES DE LA PATRIA,724462
15,CUNDINAMARCA,001,IVÁN CEPEDA CASTRO,MOVIMIENTO POLÍTICO PACTO HISTÓRICO,599261
15,CUNDINAMARCA,011,PALOMA VALENCIA LASERNA,PARTIDO CENTRO DEMOCRÁTICO,123186
15,CUNDINAMARCA,012,SERGIO FAJARDO VALDERRAMA,PARTIDO POLÍTICO DIGNIDAD & COMPROMISO,71769
15,CUNDINAMARCA,996,No Marcados,Sin partido / Voto especial,29914
15,CUNDINAMARCA,002,CLAUDIA LÓPEZ,CON CLAUDIA IMPARABLES,26883
15,CUNDINAMARCA,997,Votos Nulos,Sin partido / Voto especial,22426
15,CUNDINAMARCA,003,RAÚL SANTIAGO BOTERO JARAMILLO,ROMPER EL SISTEMA,15501
15,CUNDINAMARCA,998,Votos en Blanco,Sin partido / Voto especial,3627
15,CUNDINAMARCA,005,ÓSCAR MAURICIO LIZCANO ARANGO,COALICIÓN F.A.M.I.L.I.A,2906
15,CUNDINAMARCA,006,MIGUEL URIBE LONDOÑO,PARTIDO DEMÓCRATA COLOMBIANO,2350
15,CUNDINAMARCA,007,SONDRA MACOLLINS GARVIN PINTO,"SONDRA MACOLLINS, LA ABOGADA DE HIERRO",1397
15,CUNDINAMARCA,008,ROY LEONARDO BARRERAS MONTEALEGRE,PARTIDO POLÍTICO LA FUERZA,900
15,CUNDINAMARCA,010,GUSTAVO MATAMOROS CAMACHO,PARTIDO ECOLOGISTA COLOMBIANO,311
15,CUNDINAMARCA,009,CARLOS EDUARDO CAICEDO OMAR,CAICEDO,0
15,CUNDINAMARCA,013,LUIS GILBERTO MURILLO URRUTIA,LA OPORTUNIDAD ES COLOMBIA,0
16,BOGOTA D.C.,001,IVÁN CEPEDA CASTRO,MOVIMIENTO POLÍTICO PACTO HISTÓRICO,1705455
16,BOGOTA D.C.,004,ABELARDO DE LA ESPRIELLA,DEFENSORES DE LA PATRIA,1543282
16,BOGOTA D.C.,011,PALOMA VALENCIA LASERNA,PARTIDO CENTRO DEMOCRÁTICO,372210
16,BOGOTA D.C.,012,SERGIO FAJARDO VALDERRAMA,PARTIDO POLÍTICO DIGNIDAD & COMPROMISO,258400
16,BOGOTA D.C.,002,CLAUDIA LÓPEZ,CON CLAUDIA IMPARABLES,102451
16,BOGOTA D.C.,996,No Marcados,Sin partido / Voto especial,70220
16,BOGOTA D.C.,997,Votos Nulos,Sin partido / Voto especial,33257
16,BOGOTA D.C.,003,RAÚL SANTIAGO BOTERO JARAMILLO,ROMPER EL SISTEMA,22003
16,BOGOTA D.C.,005,ÓSCAR MAURICIO LIZCANO ARANGO,COALICIÓN F.A.M.I.L.I.A,6320
16,BOGOTA D.C.,998,Votos en Blanco,Sin partido / Voto especial,5699
16,BOGOTA D.C.,006,MIGUEL URIBE LONDOÑO,PARTIDO DEMÓCRATA COLOMBIANO,3926
16,BOGOTA D.C.,007,SONDRA MACOLLINS GARVIN PINTO,"SONDRA MACOLLINS, LA ABOGADA DE HIERRO",2587
16,BOGOTA D.C.,008,ROY LEONARDO BARRERAS MONTEALEGRE,PARTIDO POLÍTICO LA FUERZA,1791
16,BOGOTA D.C.,010,GUSTAVO MATAMOROS CAMACHO,PARTIDO ECOLOGISTA COLOMBIANO,729
16,BOGOTA D.C.,009,CARLOS EDUARDO CAICEDO OMAR,CAICEDO,0
16,BOGOTA D.C.,013,LUIS GILBERTO MURILLO URRUTIA,LA OPORTUNIDAD ES COLOMBIA,0
17,CHOCO,001,IVÁN CEPEDA CASTRO,MOVIMIENTO POLÍTICO PACTO HISTÓRICO,109841
17,CHOCO,004,ABELARDO DE LA ESPRIELLA,DEFENSORES DE LA PATRIA,22832
17,CHOCO,011,PALOMA VALENCIA LASERNA,PARTIDO CENTRO DEMOCRÁTICO,5726
17,CHOCO,997,Votos Nulos,Sin partido / Voto especial,2439
17,CHOCO,996,No Marcados,Sin partido / Voto especial,2256
17,CHOCO,012,SERGIO FAJARDO VALDERRAMA,PARTIDO POLÍTICO DIGNIDAD & COMPROMISO,1199
17,CHOCO,003,RAÚL SANTIAGO BOTERO JARAMILLO,ROMPER EL SISTEMA,953
17,CHOCO,998,Votos en Blanco,Sin partido / Voto especial,943
17,CHOCO,002,CLAUDIA LÓPEZ,CON CLAUDIA IMPARABLES,612
17,CHOCO,005,ÓSCAR MAURICIO LIZCANO ARANGO,COALICIÓN F.A.M.I.L.I.A,325
17,CHOCO,006,MIGUEL URIBE LONDOÑO,PARTIDO DEMÓCRATA COLOMBIANO,310
17,CHOCO,007,SONDRA MACOLLINS GARVIN PINTO,"SONDRA MACOLLINS, LA ABOGADA DE HIERRO",240
17,CHOCO,008,ROY LEONARDO BARRERAS MONTEALEGRE,PARTIDO POLÍTICO LA FUERZA,188
17,CHOCO,010,GUSTAVO MATAMOROS CAMACHO,PARTIDO ECOLOGISTA COLOMBIANO,107
17,CHOCO,009,CARLOS EDUARDO CAICEDO OMAR,CAICEDO,0
17,CHOCO,013,LUIS GILBERTO MURILLO URRUTIA,LA OPORTUNIDAD ES COLOMBIA,0
19,HUILA,004,ABELARDO DE LA ESPRIELLA,DEFENSORES DE LA PATRIA,297615
19,HUILA,001,IVÁN CEPEDA CASTRO,MOVIMIENTO POLÍTICO PACTO HISTÓRICO,176630
19,HUILA,011,PALOMA VALENCIA LASERNA,PARTIDO CENTRO DEMOCRÁTICO,35844
19,HUILA,012,SERGIO FAJARDO VALDERRAMA,PARTIDO POLÍTICO DIGNIDAD & COMPROMISO,14647
19,HUILA,996,No Marcados,Sin partido / Voto especial,10001
19,HUILA,003,RAÚL SANTIAGO BOTERO JARAMILLO,ROMPER EL SISTEMA,6597
19,HUILA,997,Votos Nulos,Sin partido / Voto especial,5940
19,HUILA,002,CLAUDIA LÓPEZ,CON CLAUDIA IMPARABLES,3345
19,HUILA,998,Votos en Blanco,Sin partido / Voto especial,1703
19,HUILA,005,ÓSCAR MAURICIO LIZCANO ARANGO,COALICIÓN F.A.M.I.L.I.A,1014
19,HUILA,006,MIGUEL URIBE LONDOÑO,PARTIDO DEMÓCRATA COLOMBIANO,830
19,HUILA,007,SONDRA MACOLLINS GARVIN PINTO,"SONDRA MACOLLINS, LA ABOGADA DE HIERRO",632
19,HUILA,008,ROY LEONARDO BARRERAS MONTEALEGRE,PARTIDO POLÍTICO LA FUERZA,461
19,HUILA,010,GUSTAVO MATAMOROS CAMACHO,PARTIDO ECOLOGISTA COLOMBIANO,109
19,HUILA,009,CARLOS EDUARDO CAICEDO OMAR,CAICEDO,0
19,HUILA,013,LUIS GILBERTO MURILLO URRUTIA,LA OPORTUNIDAD ES COLOMBIA,0
21,MAGDALENA,001,IVÁN CEPEDA CASTRO,MOVIMIENTO POLÍTICO PACTO HISTÓRICO,262892
21,MAGDALENA,004,ABELARDO DE LA ESPRIELLA,DEFENSORES DE LA PATRIA,197494
21,MAGDALENA,011,PALOMA VALENCIA LASERNA,PARTIDO CENTRO DEMOCRÁTICO,18437
21,MAGDALENA,012,SERGIO FAJARDO VALDERRAMA,PARTIDO POLÍTICO DIGNIDAD & COMPROMISO,7911
21,MAGDALENA,996,No Marcados,Sin partido / Voto especial,7543
21,MAGDALENA,998,Votos en Blanco,Sin partido / Voto especial,3777
21,MAGDALENA,997,Votos Nulos,Sin partido / Voto especial,3705
21,MAGDALENA,003,RAÚL SANTIAGO BOTERO JARAMILLO,ROMPER EL SISTEMA,2673
21,MAGDALENA,002,CLAUDIA LÓPEZ,CON CLAUDIA IMPARABLES,1219
21,MAGDALENA,005,ÓSCAR MAURICIO LIZCANO ARANGO,COALICIÓN F.A.M.I.L.I.A,947
21,MAGDALENA,007,SONDRA MACOLLINS GARVIN PINTO,"SONDRA MACOLLINS, LA ABOGADA DE HIERRO",428
21,MAGDALENA,006,MIGUEL URIBE LONDOÑO,PARTIDO DEMÓCRATA COLOMBIANO,411
21,MAGDALENA,008,ROY LEONARDO BARRERAS MONTEALEGRE,PARTIDO POLÍTICO LA FUERZA,239
21,MAGDALENA,010,GUSTAVO MATAMOROS CAMACHO,PARTIDO ECOLOGISTA COLOMBIANO,104
21,MAGDALENA,009,CARLOS EDUARDO CAICEDO OMAR,CAICEDO,0
21,MAGDALENA,013,LUIS GILBERTO MURILLO URRUTIA,LA OPORTUNIDAD ES COLOMBIA,0
23,NARIÑO,001,IVÁN CEPEDA CASTRO,MOVIMIENTO POLÍTICO PACTO HISTÓRICO,475268
23,NARIÑO,004,ABELARDO DE LA ESPRIELLA,DEFENSORES DE LA PATRIA,148258
23,NARIÑO,011,PALOMA VALENCIA LASERNA,PARTIDO CENTRO DEMOCRÁTICO,31406
23,NARIÑO,012,SERGIO FAJARDO VALDERRAMA,PARTIDO POLÍTICO DIGNIDAD & COMPROMISO,13048
23,NARIÑO,996,No Marcados,Sin partido / Voto especial,12926
23,NARIÑO,997,Votos Nulos,Sin partido / Voto especial,8989
23,NARIÑO,002,CLAUDIA LÓPEZ,CON CLAUDIA IMPARABLES,3928
23,NARIÑO,003,RAÚL SANTIAGO BOTERO JARAMILLO,ROMPER EL SISTEMA,3534
23,NARIÑO,998,Votos en Blanco,Sin partido / Voto especial,2869
23,NARIÑO,005,ÓSCAR MAURICIO LIZCANO ARANGO,COALICIÓN F.A.M.I.L.I.A,1354
23,NARIÑO,006,MIGUEL URIBE LONDOÑO,PARTIDO DEMÓCRATA COLOMBIANO,861
23,NARIÑO,007,SONDRA MACOLLINS GARVIN PINTO,"SONDRA MACOLLINS, LA ABOGADA DE HIERRO",619
23,NARIÑO,008,ROY LEONARDO BARRERAS MONTEALEGRE,PARTIDO POLÍTICO LA FUERZA,361
23,NARIÑO,010,GUSTAVO MATAMOROS CAMACHO,PARTIDO ECOLOGISTA COLOMBIANO,167
23,NARIÑO,009,CARLOS EDUARDO CAICEDO OMAR,CAICEDO,0
23,NARIÑO,013,LUIS GILBERTO MURILLO URRUTIA,LA OPORTUNIDAD ES COLOMBIA,0
24,RISARALDA,004,ABELARDO DE LA ESPRIELLA,DEFENSORES DE LA PATRIA,226321
24,RISARALDA,001,IVÁN CEPEDA CASTRO,MOVIMIENTO POLÍTICO PACTO HISTÓRICO,182255
24,RISARALDA,011,PALOMA VALENCIA LASERNA,PARTIDO CENTRO DEMOCRÁTICO,44566
24,RISARALDA,012,SERGIO FAJARDO VALDERRAMA,PARTIDO POLÍTICO DIGNIDAD & COMPROMISO,26520
24,RISARALDA,996,No Marcados,Sin partido / Voto especial,10475
24,RISARALDA,997,Votos Nulos,Sin partido / Voto especial,8239
24,RISARALDA,003,RAÚL SANTIAGO BOTERO JARAMILLO,ROMPER EL SISTEMA,6927
24,RISARALDA,002,CLAUDIA LÓPEZ,CON CLAUDIA IMPARABLES,5030
24,RISARALDA,998,Votos en Blanco,Sin partido / Voto especial,2114
24,RISARALDA,005,ÓSCAR MAURICIO LIZCANO ARANGO,COALICIÓN F.A.M.I.L.I.A,1374
24,RISARALDA,006,MIGUEL URIBE LONDOÑO,PARTIDO DEMÓCRATA COLOMBIANO,830
24,RISARALDA,007,SONDRA MACOLLINS GARVIN PINTO,"SONDRA MACOLLINS, LA ABOGADA DE HIERRO",515
24,RISARALDA,008,ROY LEONARDO BARRERAS MONTEALEGRE,PARTIDO POLÍTICO LA FUERZA,352
24,RISARALDA,010,GUSTAVO MATAMOROS CAMACHO,PARTIDO ECOLOGISTA COLOMBIANO,121
24,RISARALDA,009,CARLOS EDUARDO CAICEDO OMAR,CAICEDO,0
24,RISARALDA,013,LUIS GILBERTO MURILLO URRUTIA,LA OPORTUNIDAD ES COLOMBIA,0
25,NORTE DE SAN,004,ABELARDO DE LA ESPRIELLA,DEFENSORES DE LA PATRIA,519225
25,NORTE DE SAN,001,IVÁN CEPEDA CASTRO,MOVIMIENTO POLÍTICO PACTO HISTÓRICO,128110
25,NORTE DE SAN,011,PALOMA VALENCIA LASERNA,PARTIDO CENTRO DEMOCRÁTICO,33341
25,NORTE DE SAN,012,SERGIO FAJARDO VALDERRAMA,PARTIDO POLÍTICO DIGNIDAD & COMPROMISO,28803
25,NORTE DE SAN,003,RAÚL SANTIAGO BOTERO JARAMILLO,ROMPER EL SISTEMA,11436
25,NORTE DE SAN,996,No Marcados,Sin partido / Voto especial,8708
25,NORTE DE SAN,997,Votos Nulos,Sin partido / Voto especial,5415
25,NORTE DE SAN,002,CLAUDIA LÓPEZ,CON CLAUDIA IMPARABLES,2400
25,NORTE DE SAN,998,Votos en Blanco,Sin partido / Voto especial,1635
25,NORTE DE SAN,005,ÓSCAR MAURICIO LIZCANO ARANGO,COALICIÓN F.A.M.I.L.I.A,945
25,NORTE DE SAN,006,MIGUEL URIBE LONDOÑO,PARTIDO DEMÓCRATA COLOMBIANO,758
25,NORTE DE SAN,007,SONDRA MACOLLINS GARVIN PINTO,"SONDRA MACOLLINS, LA ABOGADA DE HIERRO",514
25,NORTE DE SAN,008,ROY LEONARDO BARRERAS MONTEALEGRE,PARTIDO POLÍTICO LA FUERZA,387
25,NORTE DE SAN,010,GUSTAVO MATAMOROS CAMACHO,PARTIDO ECOLOGISTA COLOMBIANO,151
25,NORTE DE SAN,009,CARLOS EDUARDO CAICEDO OMAR,CAICEDO,0
25,NORTE DE SAN,013,LUIS GILBERTO MURILLO URRUTIA,LA OPORTUNIDAD ES COLOMBIA,0
26,QUINDIO,004,ABELARDO DE LA ESPRIELLA,DEFENSORES DE LA PATRIA,142807
26,QUINDIO,001,IVÁN CEPEDA CASTRO,MOVIMIENTO POLÍTICO PACTO HISTÓRICO,94318
26,QUINDIO,011,PALOMA VALENCIA LASERNA,PARTIDO CENTRO DEMOCRÁTICO,27586
26,QUINDIO,012,SERGIO FAJARDO VALDERRAMA,PARTIDO POLÍTICO DIGNIDAD & COMPROMISO,15713
26,QUINDIO,996,No Marcados,Sin partido / Voto especial,5608
26,QUINDIO,997,Votos Nulos,Sin partido / Voto especial,4735
26,QUINDIO,003,RAÚL SANTIAGO BOTERO JARAMILLO,ROMPER EL SISTEMA,3649
26,QUINDIO,002,CLAUDIA LÓPEZ,CON CLAUDIA IMPARABLES,2362
26,QUINDIO,998,Votos en Blanco,Sin partido / Voto especial,940
26,QUINDIO,005,ÓSCAR MAURICIO LIZCANO ARANGO,COALICIÓN F.A.M.I.L.I.A,516
26,QUINDIO,006,MIGUEL URIBE LONDOÑO,PARTIDO DEMÓCRATA COLOMBIANO,435
26,QUINDIO,007,SONDRA MACOLLINS GARVIN PINTO,"SONDRA MACOLLINS, LA ABOGADA DE HIERRO",262
26,QUINDIO,008,ROY LEONARDO BARRERAS MONTEALEGRE,PARTIDO POLÍTICO LA FUERZA,219
26,QUINDIO,010,GUSTAVO MATAMOROS CAMACHO,PARTIDO ECOLOGISTA COLOMBIANO,64
26,QUINDIO,009,CARLOS EDUARDO CAICEDO OMAR,CAICEDO,0
26,QUINDIO,013,LUIS GILBERTO MURILLO URRUTIA,LA OPORTUNIDAD ES COLOMBIA,0
27,SANTANDER,004,ABELARDO DE LA ESPRIELLA,DEFENSORES DE LA PATRIA,684621
27,SANTANDER,001,IVÁN CEPEDA CASTRO,MOVIMIENTO POLÍTICO PACTO HISTÓRICO,344546
27,SANTANDER,011,PALOMA VALENCIA LASERNA,PARTIDO CENTRO DEMOCRÁTICO,76733
27,SANTANDER,012,SERGIO FAJARDO VALDERRAMA,PARTIDO POLÍTICO DIGNIDAD & COMPROMISO,47302
27,SANTANDER,996,No Marcados,Sin partido / Voto especial,17983
27,SANTANDER,003,RAÚL SANTIAGO BOTERO JARAMILLO,ROMPER EL SISTEMA,16775
27,SANTANDER,997,Votos Nulos,Sin partido / Voto especial,10102
27,SANTANDER,002,CLAUDIA LÓPEZ,CON CLAUDIA IMPARABLES,6397
27,SANTANDER,998,Votos en Blanco,Sin partido / Voto especial,2369
27,SANTANDER,005,ÓSCAR MAURICIO LIZCANO ARANGO,COALICIÓN F.A.M.I.L.I.A,1494
27,SANTANDER,006,MIGUEL URIBE LONDOÑO,PARTIDO DEMÓCRATA COLOMBIANO,1297
27,SANTANDER,007,SONDRA MACOLLINS GARVIN PINTO,"SONDRA MACOLLINS, LA ABOGADA DE HIERRO",795
27,SANTANDER,008,ROY LEONARDO BARRERAS MONTEALEGRE,PARTIDO POLÍTICO LA FUERZA,497
27,SANTANDER,010,GUSTAVO MATAMOROS CAMACHO,PARTIDO ECOLOGISTA COLOMBIANO,172
27,SANTANDER,009,CARLOS EDUARDO CAICEDO OMAR,CAICEDO,0
27,SANTANDER,013,LUIS GILBERTO MURILLO URRUTIA,LA OPORTUNIDAD ES COLOMBIA,0
28,SUCRE,001,IVÁN CEPEDA CASTRO,MOVIMIENTO POLÍTICO PACTO HISTÓRICO,226884
28,SUCRE,004,ABELARDO DE LA ESPRIELLA,DEFENSORES DE LA PATRIA,145827
28,SUCRE,011,PALOMA VALENCIA LASERNA,PARTIDO CENTRO DEMOCRÁTICO,14319
28,SUCRE,996,No Marcados,Sin partido / Voto especial,5022
28,SUCRE,012,SERGIO FAJARDO VALDERRAMA,PARTIDO POLÍTICO DIGNIDAD & COMPROMISO,4331
28,SUCRE,997,Votos Nulos,Sin partido / Voto especial,2658
28,SUCRE,003,RAÚL SANTIAGO BOTERO JARAMILLO,ROMPER EL SISTEMA,1627
28,SUCRE,998,Votos en Blanco,Sin partido / Voto especial,1430
28,SUCRE,002,CLAUDIA LÓPEZ,CON CLAUDIA IMPARABLES,839
28,SUCRE,005,ÓSCAR MAURICIO LIZCANO ARANGO,COALICIÓN F.A.M.I.L.I.A,560
28,SUCRE,006,MIGUEL URIBE LONDOÑO,PARTIDO DEMÓCRATA COLOMBIANO,368
28,SUCRE,007,SONDRA MACOLLINS GARVIN PINTO,"SONDRA MACOLLINS, LA ABOGADA DE HIERRO",343
28,SUCRE,008,ROY LEONARDO BARRERAS MONTEALEGRE,PARTIDO POLÍTICO LA FUERZA,255
28,SUCRE,010,GUSTAVO MATAMOROS CAMACHO,PARTIDO ECOLOGISTA COLOMBIANO,65
28,SUCRE,009,CARLOS EDUARDO CAICEDO OMAR,CAICEDO,0
28,SUCRE,013,LUIS GILBERTO MURILLO URRUTIA,LA OPORTUNIDAD ES COLOMBIA,0
29,TOLIMA,004,ABELARDO DE LA ESPRIELLA,DEFENSORES DE LA PATRIA,315364
29,TOLIMA,001,IVÁN CEPEDA CASTRO,MOVIMIENTO POLÍTICO PACTO HISTÓRICO,235760
29,TOLIMA,011,PALOMA VALENCIA LASERNA,PARTIDO CENTRO DEMOCRÁTICO,70984
29,TOLIMA,012,SERGIO FAJARDO VALDERRAMA,PARTIDO POLÍTICO DIGNIDAD & COMPROMISO,20325
29,TOLIMA,996,No Marcados,Sin partido / Voto especial,11760
29,TOLIMA,997,Votos Nulos,Sin partido / Voto especial,9266
29,TOLIMA,003,RAÚL SANTIAGO BOTERO JARAMILLO,ROMPER EL SISTEMA,8289
29,TOLIMA,002,CLAUDIA LÓPEZ,CON CLAUDIA IMPARABLES,4847
29,TOLIMA,998,Votos en Blanco,Sin partido / Voto especial,2510
29,TOLIMA,005,ÓSCAR MAURICIO LIZCANO ARANGO,COALICIÓN F.A.M.I.L.I.A,1465
29,TOLIMA,006,MIGUEL URIBE LONDOÑO,PARTIDO DEMÓCRATA COLOMBIANO,1305
29,TOLIMA,007,SONDRA MACOLLINS GARVIN PINTO,"SONDRA MACOLLINS, LA ABOGADA DE HIERRO",756
29,TOLIMA,008,ROY LEONARDO BARRERAS MONTEALEGRE,PARTIDO POLÍTICO LA FUERZA,613
29,TOLIMA,010,GUSTAVO MATAMOROS CAMACHO,PARTIDO ECOLOGISTA COLOMBIANO,177
29,TOLIMA,009,CARLOS EDUARDO CAICEDO OMAR,CAICEDO,0
29,TOLIMA,013,LUIS GILBERTO MURILLO URRUTIA,LA OPORTUNIDAD ES COLOMBIA,0
31,VALLE,001,IVÁN CEPEDA CASTRO,MOVIMIENTO POLÍTICO PACTO HISTÓRICO,1124311
31,VALLE,004,ABELARDO DE LA ESPRIELLA,DEFENSORES DE LA PATRIA,711766
31,VALLE,011,PALOMA VALENCIA LASERNA,PARTIDO CENTRO DEMOCRÁTICO,118664
31,VALLE,012,SERGIO FAJARDO VALDERRAMA,PARTIDO POLÍTICO DIGNIDAD & COMPROMISO,77322
31,VALLE,996,No Marcados,Sin partido / Voto especial,40004
31,VALLE,997,Votos Nulos,Sin partido / Voto especial,23236
31,VALLE,003,RAÚL SANTIAGO BOTERO JARAMILLO,ROMPER EL SISTEMA,15232
31,VALLE,002,CLAUDIA LÓPEZ,CON CLAUDIA IMPARABLES,12525
31,VALLE,998,Votos en Blanco,Sin partido / Voto especial,5822
31,VALLE,005,ÓSCAR MAURICIO LIZCANO ARANGO,COALICIÓN F.A.M.I.L.I.A,3117
31,VALLE,006,MIGUEL URIBE LONDOÑO,PARTIDO DEMÓCRATA COLOMBIANO,2033
31,VALLE,007,SONDRA MACOLLINS GARVIN PINTO,"SONDRA MACOLLINS, LA ABOGADA DE HIERRO",1668
31,VALLE,008,ROY LEONARDO BARRERAS MONTEALEGRE,PARTIDO POLÍTICO LA FUERZA,1498
31,VALLE,010,GUSTAVO MATAMOROS CAMACHO,PARTIDO ECOLOGISTA COLOMBIANO,483
31,VALLE,009,CARLOS EDUARDO CAICEDO OMAR,CAICEDO,0
31,VALLE,013,LUIS GILBERTO MURILLO URRUTIA,LA OPORTUNIDAD ES COLOMBIA,0
40,ARAUCA,004,ABELARDO DE LA ESPRIELLA,DEFENSORES DE LA PATRIA,50728
40,ARAUCA,001,IVÁN CEPEDA CASTRO,MOVIMIENTO POLÍTICO PACTO HISTÓRICO,34106
40,ARAUCA,011,PALOMA VALENCIA LASERNA,PARTIDO CENTRO DEMOCRÁTICO,5906
40,ARAUCA,996,No Marcados,Sin partido / Voto especial,2579
40,ARAUCA,012,SERGIO FAJARDO VALDERRAMA,PARTIDO POLÍTICO DIGNIDAD & COMPROMISO,2308
40,ARAUCA,003,RAÚL SANTIAGO BOTERO JARAMILLO,ROMPER EL SISTEMA,1893
40,ARAUCA,997,Votos Nulos,Sin partido / Voto especial,1662
40,ARAUCA,998,Votos en Blanco,Sin partido / Voto especial,521
40,ARAUCA,002,CLAUDIA LÓPEZ,CON CLAUDIA IMPARABLES,467
40,ARAUCA,006,MIGUEL URIBE LONDOÑO,PARTIDO DEMÓCRATA COLOMBIANO,232
40,ARAUCA,005,ÓSCAR MAURICIO LIZCANO ARANGO,COALICIÓN F.A.M.I.L.I.A,216
40,ARAUCA,007,SONDRA MACOLLINS GARVIN PINTO,"SONDRA MACOLLINS, LA ABOGADA DE HIERRO",115
40,ARAUCA,008,ROY LEONARDO BARRERAS MONTEALEGRE,PARTIDO POLÍTICO LA FUERZA,98
40,ARAUCA,010,GUSTAVO MATAMOROS CAMACHO,PARTIDO ECOLOGISTA COLOMBIANO,24
40,ARAUCA,009,CARLOS EDUARDO CAICEDO OMAR,CAICEDO,0
40,ARAUCA,013,LUIS GILBERTO MURILLO URRUTIA,LA OPORTUNIDAD ES COLOMBIA,0
44,CAQUETA,004,ABELARDO DE LA ESPRIELLA,DEFENSORES DE LA PATRIA,81775
44,CAQUETA,001,IVÁN CEPEDA CASTRO,MOVIMIENTO POLÍTICO PACTO HISTÓRICO,66480
44,CAQUETA,011,PALOMA VALENCIA LASERNA,PARTIDO CENTRO DEMOCRÁTICO,8252
44,CAQUETA,996,No Marcados,Sin partido / Voto especial,4963
44,CAQUETA,012,SERGIO FAJARDO VALDERRAMA,PARTIDO POLÍTICO DIGNIDAD & COMPROMISO,4044
44,CAQUETA,003,RAÚL SANTIAGO BOTERO JARAMILLO,ROMPER EL SISTEMA,3363
44,CAQUETA,997,Votos Nulos,Sin partido / Voto especial,2714
44,CAQUETA,998,Votos en Blanco,Sin partido / Voto especial,1149
44,CAQUETA,002,CLAUDIA LÓPEZ,CON CLAUDIA IMPARABLES,878
44,CAQUETA,005,ÓSCAR MAURICIO LIZCANO ARANGO,COALICIÓN F.A.M.I.L.I.A,433
44,CAQUETA,006,MIGUEL URIBE LONDOÑO,PARTIDO DEMÓCRATA COLOMBIANO,374
44,CAQUETA,007,SONDRA MACOLLINS GARVIN PINTO,"SONDRA MACOLLINS, LA ABOGADA DE HIERRO",245
44,CAQUETA,008,ROY LEONARDO BARRERAS MONTEALEGRE,PARTIDO POLÍTICO LA FUERZA,183
44,CAQUETA,010,GUSTAVO MATAMOROS CAMACHO,PARTIDO ECOLOGISTA COLOMBIANO,67
44,CAQUETA,009,CARLOS EDUARDO CAICEDO OMAR,CAICEDO,0
44,CAQUETA,013,LUIS GILBERTO MURILLO URRUTIA,LA OPORTUNIDAD ES COLOMBIA,0
46,CASANARE,004,ABELARDO DE LA ESPRIELLA,DEFENSORES DE LA PATRIA,134484
46,CASANARE,001,IVÁN CEPEDA CASTRO,MOVIMIENTO POLÍTICO PACTO HISTÓRICO,54205
46,CASANARE,011,PALOMA VALENCIA LASERNA,PARTIDO CENTRO DEMOCRÁTICO,14697
46,CASANARE,012,SERGIO FAJARDO VALDERRAMA,PARTIDO POLÍTICO DIGNIDAD & COMPROMISO,6042
46,CASANARE,996,No Marcados,Sin partido / Voto especial,3920
46,CASANARE,003,RAÚL SANTIAGO BOTERO JARAMILLO,ROMPER EL SISTEMA,3633
46,CASANARE,997,Votos Nulos,Sin partido / Voto especial,3066
46,CASANARE,002,CLAUDIA LÓPEZ,CON CLAUDIA IMPARABLES,1072
46,CASANARE,998,Votos en Blanco,Sin partido / Voto especial,669
46,CASANARE,005,ÓSCAR MAURICIO LIZCANO ARANGO,COALICIÓN F.A.M.I.L.I.A,330
46,CASANARE,006,MIGUEL URIBE LONDOÑO,PARTIDO DEMÓCRATA COLOMBIANO,287
46,CASANARE,007,SONDRA MACOLLINS GARVIN PINTO,"SONDRA MACOLLINS, LA ABOGADA DE HIERRO",208
46,CASANARE,008,ROY LEONARDO BARRERAS MONTEALEGRE,PARTIDO POLÍTICO LA FUERZA,181
46,CASANARE,010,GUSTAVO MATAMOROS CAMACHO,PARTIDO ECOLOGISTA COLOMBIANO,45
46,CASANARE,009,CARLOS EDUARDO CAICEDO OMAR,CAICEDO,0
46,CASANARE,013,LUIS GILBERTO MURILLO URRUTIA,LA OPORTUNIDAD ES COLOMBIA,0
48,LA GUAJIRA,001,IVÁN CEPEDA CASTRO,MOVIMIENTO POLÍTICO PACTO HISTÓRICO,140831
48,LA GUAJIRA,004,ABELARDO DE LA ESPRIELLA,DEFENSORES DE LA PATRIA,96193
48,LA GUAJIRA,011,PALOMA VALENCIA LASERNA,PARTIDO CENTRO DEMOCRÁTICO,6224
48,LA GUAJIRA,996,No Marcados,Sin partido / Voto especial,3816
48,LA GUAJIRA,012,SERGIO FAJARDO VALDERRAMA,PARTIDO POLÍTICO DIGNIDAD & COMPROMISO,2951
48,LA GUAJIRA,997,Votos Nulos,Sin partido / Voto especial,2513
48,LA GUAJIRA,003,RAÚL SANTIAGO BOTERO JARAMILLO,ROMPER EL SISTEMA,1548
48,LA GUAJIRA,998,Votos en Blanco,Sin partido / Voto especial,1093
48,LA GUAJIRA,005,ÓSCAR MAURICIO LIZCANO ARANGO,COALICIÓN F.A.M.I.L.I.A,658
48,LA GUAJIRA,002,CLAUDIA LÓPEZ,CON CLAUDIA IMPARABLES,651
48,LA GUAJIRA,006,MIGUEL URIBE LONDOÑO,PARTIDO DEMÓCRATA COLOMBIANO,300
48,LA GUAJIRA,007,SONDRA MACOLLINS GARVIN PINTO,"SONDRA MACOLLINS, LA ABOGADA DE HIERRO",226
48,LA GUAJIRA,008,ROY LEONARDO BARRERAS MONTEALEGRE,PARTIDO POLÍTICO LA FUERZA,177
48,LA GUAJIRA,010,GUSTAVO MATAMOROS CAMACHO,PARTIDO ECOLOGISTA COLOMBIANO,95
48,LA GUAJIRA,009,CARLOS EDUARDO CAICEDO OMAR,CAICEDO,0
48,LA GUAJIRA,013,LUIS GILBERTO MURILLO URRUTIA,LA OPORTUNIDAD ES COLOMBIA,0
50,GUAINIA,001,IVÁN CEPEDA CASTRO,MOVIMIENTO POLÍTICO PACTO HISTÓRICO,6778
50,GUAINIA,004,ABELARDO DE LA ESPRIELLA,DEFENSORES DE LA PATRIA,3722
50,GUAINIA,011,PALOMA VALENCIA LASERNA,PARTIDO CENTRO DEMOCRÁTICO,688
50,GUAINIA,996,No Marcados,Sin partido / Voto especial,247
50,GUAINIA,012,SERGIO FAJARDO VALDERRAMA,PARTIDO POLÍTICO DIGNIDAD & COMPROMISO,188
50,GUAINIA,003,RAÚL SANTIAGO BOTERO JARAMILLO,ROMPER EL SISTEMA,134
50,GUAINIA,002,CLAUDIA LÓPEZ,CON CLAUDIA IMPARABLES,110
50,GUAINIA,997,Votos Nulos,Sin partido / Voto especial,82
50,GUAINIA,998,Votos en Blanco,Sin partido / Voto especial,67
50,GUAINIA,006,MIGUEL URIBE LONDOÑO,PARTIDO DEMÓCRATA COLOMBIANO,43
50,GUAINIA,005,ÓSCAR MAURICIO LIZCANO ARANGO,COALICIÓN F.A.M.I.L.I.A,31
50,GUAINIA,007,SONDRA MACOLLINS GARVIN PINTO,"SONDRA MACOLLINS, LA ABOGADA DE HIERRO",21
50,GUAINIA,008,ROY LEONARDO BARRERAS MONTEALEGRE,PARTIDO POLÍTICO LA FUERZA,10
50,GUAINIA,010,GUSTAVO MATAMOROS CAMACHO,PARTIDO ECOLOGISTA COLOMBIANO,4
50,GUAINIA,009,CARLOS EDUARDO CAICEDO OMAR,CAICEDO,0
50,GUAINIA,013,LUIS GILBERTO MURILLO URRUTIA,LA OPORTUNIDAD ES COLOMBIA,0
52,META,004,ABELARDO DE LA ESPRIELLA,DEFENSORES DE LA PATRIA,279900
52,META,001,IVÁN CEPEDA CASTRO,MOVIMIENTO POLÍTICO PACTO HISTÓRICO,174077
52,META,011,PALOMA VALENCIA LASERNA,PARTIDO CENTRO DEMOCRÁTICO,36696
52,META,012,SERGIO FAJARDO VALDERRAMA,PARTIDO POLÍTICO DIGNIDAD & COMPROMISO,17768
52,META,003,RAÚL SANTIAGO BOTERO JARAMILLO,ROMPER EL SISTEMA,12331
52,META,996,No Marcados,Sin partido / Voto especial,9580
52,META,997,Votos Nulos,Sin partido / Voto especial,9007
52,META,002,CLAUDIA LÓPEZ,CON CLAUDIA IMPARABLES,3230
52,META,998,Votos en Blanco,Sin partido / Voto especial,1506
52,META,005,ÓSCAR MAURICIO LIZCANO ARANGO,COALICIÓN F.A.M.I.L.I.A,828
52,META,006,MIGUEL URIBE LONDOÑO,PARTIDO DEMÓCRATA COLOMBIANO,645
52,META,007,SONDRA MACOLLINS GARVIN PINTO,"SONDRA MACOLLINS, LA ABOGADA DE HIERRO",478
52,META,008,ROY LEONARDO BARRERAS MONTEALEGRE,PARTIDO POLÍTICO LA FUERZA,310
52,META,010,GUSTAVO MATAMOROS CAMACHO,PARTIDO ECOLOGISTA COLOMBIANO,128
52,META,009,CARLOS EDUARDO CAICEDO OMAR,CAICEDO,0
52,META,013,LUIS GILBERTO MURILLO URRUTIA,LA OPORTUNIDAD ES COLOMBIA,0
54,GUAVIARE,004,ABELARDO DE LA ESPRIELLA,DEFENSORES DE LA PATRIA,16063
54,GUAVIARE,001,IVÁN CEPEDA CASTRO,MOVIMIENTO POLÍTICO PACTO HISTÓRICO,12680
54,GUAVIARE,011,PALOMA VALENCIA LASERNA,PARTIDO CENTRO DEMOCRÁTICO,2010
54,GUAVIARE,996,No Marcados,Sin partido / Voto especial,1113
54,GUAVIARE,012,SERGIO FAJARDO VALDERRAMA,PARTIDO POLÍTICO DIGNIDAD & COMPROMISO,825
54,GUAVIARE,003,RAÚL SANTIAGO BOTERO JARAMILLO,ROMPER EL SISTEMA,754
54,GUAVIARE,997,Votos Nulos,Sin partido / Voto especial,731
54,GUAVIARE,002,CLAUDIA LÓPEZ,CON CLAUDIA IMPARABLES,298
54,GUAVIARE,998,Votos en Blanco,Sin partido / Voto especial,203
54,GUAVIARE,005,ÓSCAR MAURICIO LIZCANO ARANGO,COALICIÓN F.A.M.I.L.I.A,90
54,GUAVIARE,006,MIGUEL URIBE LONDOÑO,PARTIDO DEMÓCRATA COLOMBIANO,68
54,GUAVIARE,007,SONDRA MACOLLINS GARVIN PINTO,"SONDRA MACOLLINS, LA ABOGADA DE HIERRO",45
54,GUAVIARE,008,ROY LEONARDO BARRERAS MONTEALEGRE,PARTIDO POLÍTICO LA FUERZA,33
54,GUAVIARE,010,GUSTAVO MATAMOROS CAMACHO,PARTIDO ECOLOGISTA COLOMBIANO,10
54,GUAVIARE,009,CARLOS EDUARDO CAICEDO OMAR,CAICEDO,0
54,GUAVIARE,013,LUIS GILBERTO MURILLO URRUTIA,LA OPORTUNIDAD ES COLOMBIA,0
56,SAN ANDRES,001,IVÁN CEPEDA CASTRO,MOVIMIENTO POLÍTICO PACTO HISTÓRICO,7936
56,SAN ANDRES,004,ABELARDO DE LA ESPRIELLA,DEFENSORES DE LA PATRIA,7793
56,SAN ANDRES,011,PALOMA VALENCIA LASERNA,PARTIDO CENTRO DEMOCRÁTICO,832
56,SAN ANDRES,996,No Marcados,Sin partido / Voto especial,669
56,SAN ANDRES,012,SERGIO FAJARDO VALDERRAMA,PARTIDO POLÍTICO DIGNIDAD & COMPROMISO,535
56,SAN ANDRES,997,Votos Nulos,Sin partido / Voto especial,86
56,SAN ANDRES,002,CLAUDIA LÓPEZ,CON CLAUDIA IMPARABLES,70
56,SAN ANDRES,998,Votos en Blanco,Sin partido / Voto especial,60
56,SAN ANDRES,003,RAÚL SANTIAGO BOTERO JARAMILLO,ROMPER EL SISTEMA,52
56,SAN ANDRES,005,ÓSCAR MAURICIO LIZCANO ARANGO,COALICIÓN F.A.M.I.L.I.A,26
56,SAN ANDRES,008,ROY LEONARDO BARRERAS MONTEALEGRE,PARTIDO POLÍTICO LA FUERZA,23
56,SAN ANDRES,006,MIGUEL URIBE LONDOÑO,PARTIDO DEMÓCRATA COLOMBIANO,22
56,SAN ANDRES,007,SONDRA MACOLLINS GARVIN PINTO,"SONDRA MACOLLINS, LA ABOGADA DE HIERRO",12
56,SAN ANDRES,010,GUSTAVO MATAMOROS CAMACHO,PARTIDO ECOLOGISTA COLOMBIANO,2
56,SAN ANDRES,009,CARLOS EDUARDO CAICEDO OMAR,CAICEDO,0
56,SAN ANDRES,013,LUIS GILBERTO MURILLO URRUTIA,LA OPORTUNIDAD ES COLOMBIA,0
60,AMAZONAS,001,IVÁN CEPEDA CASTRO,MOVIMIENTO POLÍTICO PACTO HISTÓRICO,13963
60,AMAZONAS,004,ABELARDO DE LA ESPRIELLA,DEFENSORES DE LA PATRIA,7882
60,AMAZONAS,011,PALOMA VALENCIA LASERNA,PARTIDO CENTRO DEMOCRÁTICO,1598
60,AMAZONAS,996,No Marcados,Sin partido / Voto especial,479
60,AMAZONAS,012,SERGIO FAJARDO VALDERRAMA,PARTIDO POLÍTICO DIGNIDAD & COMPROMISO,477
60,AMAZONAS,003,RAÚL SANTIAGO BOTERO JARAMILLO,ROMPER EL SISTEMA,341
60,AMAZONAS,997,Votos Nulos,Sin partido / Voto especial,235
60,AMAZONAS,002,CLAUDIA LÓPEZ,CON CLAUDIA IMPARABLES,218
60,AMAZONAS,998,Votos en Blanco,Sin partido / Voto especial,165
60,AMAZONAS,005,ÓSCAR MAURICIO LIZCANO ARANGO,COALICIÓN F.A.M.I.L.I.A,66
60,AMAZONAS,006,MIGUEL URIBE LONDOÑO,PARTIDO DEMÓCRATA COLOMBIANO,53
60,AMAZONAS,008,ROY LEONARDO BARRERAS MONTEALEGRE,PARTIDO POLÍTICO LA FUERZA,35
60,AMAZONAS,007,SONDRA MACOLLINS GARVIN PINTO,"SONDRA MACOLLINS, LA ABOGADA DE HIERRO",27
60,AMAZONAS,010,GUSTAVO MATAMOROS CAMACHO,PARTIDO ECOLOGISTA COLOMBIANO,12
60,AMAZONAS,009,CARLOS EDUARDO CAICEDO OMAR,CAICEDO,0
60,AMAZONAS,013,LUIS GILBERTO MURILLO URRUTIA,LA OPORTUNIDAD ES COLOMBIA,0
64,PUTUMAYO,001,IVÁN CEPEDA CASTRO,MOVIMIENTO POLÍTICO PACTO HISTÓRICO,94395
64,PUTUMAYO,004,ABELARDO DE LA ESPRIELLA,DEFENSORES DE LA PATRIA,25089
64,PUTUMAYO,011,PALOMA VALENCIA LASERNA,PARTIDO CENTRO DEMOCRÁTICO,4427
64,PUTUMAYO,996,No Marcados,Sin partido / Voto especial,2946
64,PUTUMAYO,012,SERGIO FAJARDO VALDERRAMA,PARTIDO POLÍTICO DIGNIDAD & COMPROMISO,2127
64,PUTUMAYO,003,RAÚL SANTIAGO BOTERO JARAMILLO,ROMPER EL SISTEMA,1706
64,PUTUMAYO,997,Votos Nulos,Sin partido / Voto especial,1706
64,PUTUMAYO,998,Votos en Blanco,Sin partido / Voto especial,601
64,PUTUMAYO,002,CLAUDIA LÓPEZ,CON CLAUDIA IMPARABLES,581
64,PUTUMAYO,007,SONDRA MACOLLINS GARVIN PINTO,"SONDRA MACOLLINS, LA ABOGADA DE HIERRO",386
64,PUTUMAYO,005,ÓSCAR MAURICIO LIZCANO ARANGO,COALICIÓN F.A.M.I.L.I.A,223
64,PUTUMAYO,006,MIGUEL URIBE LONDOÑO,PARTIDO DEMÓCRATA COLOMBIANO,170
64,PUTUMAYO,008,ROY LEONARDO BARRERAS MONTEALEGRE,PARTIDO POLÍTICO LA FUERZA,86
64,PUTUMAYO,010,GUSTAVO MATAMOROS CAMACHO,PARTIDO ECOLOGISTA COLOMBIANO,49
64,PUTUMAYO,009,CARLOS EDUARDO CAICEDO OMAR,CAICEDO,0
64,PUTUMAYO,013,LUIS GILBERTO MURILLO URRUTIA,LA OPORTUNIDAD ES COLOMBIA,0
68,VAUPES,001,IVÁN CEPEDA CASTRO,MOVIMIENTO POLÍTICO PACTO HISTÓRICO,6932
68,VAUPES,004,ABELARDO DE LA ESPRIELLA,DEFENSORES DE LA PATRIA,1379
68,VAUPES,011,PALOMA VALENCIA LASERNA,PARTIDO CENTRO DEMOCRÁTICO,344
68,VAUPES,012,SERGIO FAJARDO VALDERRAMA,PARTIDO POLÍTICO DIGNIDAD & COMPROMISO,148
68,VAUPES,996,No Marcados,Sin partido / Voto especial,140
68,VAUPES,002,CLAUDIA LÓPEZ,CON CLAUDIA IMPARABLES,69
68,VAUPES,005,ÓSCAR MAURICIO LIZCANO ARANGO,COALICIÓN F.A.M.I.L.I.A,53
68,VAUPES,003,RAÚL SANTIAGO BOTERO JARAMILLO,ROMPER EL SISTEMA,52
68,VAUPES,997,Votos Nulos,Sin partido / Voto especial,45
68,VAUPES,998,Votos en Blanco,Sin partido / Voto especial,38
68,VAUPES,008,ROY LEONARDO BARRERAS MONTEALEGRE,PARTIDO POLÍTICO LA FUERZA,17
68,VAUPES,006,MIGUEL URIBE LONDOÑO,PARTIDO DEMÓCRATA COLOMBIANO,16
68,VAUPES,007,SONDRA MACOLLINS GARVIN PINTO,"SONDRA MACOLLINS, LA ABOGADA DE HIERRO",12
68,VAUPES,010,GUSTAVO MATAMOROS CAMACHO,PARTIDO ECOLOGISTA COLOMBIANO,8
68,VAUPES,009,CARLOS EDUARDO CAICEDO OMAR,CAICEDO,0
68,VAUPES,013,LUIS GILBERTO MURILLO URRUTIA,LA OPORTUNIDAD ES COLOMBIA,0
72,VICHADA,001,IVÁN CEPEDA CASTRO,MOVIMIENTO POLÍTICO PACTO HISTÓRICO,9811
72,VICHADA,004,ABELARDO DE LA ESPRIELLA,DEFENSORES DE LA PATRIA,9334
72,VICHADA,011,PALOMA VALENCIA LASERNA,PARTIDO CENTRO DEMOCRÁTICO,959
72,VICHADA,996,No Marcados,Sin partido / Voto especial,332
72,VICHADA,003,RAÚL SANTIAGO BOTERO JARAMILLO,ROMPER EL SISTEMA,312
72,VICHADA,012,SERGIO FAJARDO VALDERRAMA,PARTIDO POLÍTICO DIGNIDAD & COMPROMISO,293
72,VICHADA,997,Votos Nulos,Sin partido / Voto especial,169
72,VICHADA,998,Votos en Blanco,Sin partido / Voto especial,145
72,VICHADA,002,CLAUDIA LÓPEZ,CON CLAUDIA IMPARABLES,90
72,VICHADA,005,ÓSCAR MAURICIO LIZCANO ARANGO,COALICIÓN F.A.M.I.L.I.A,71
72,VICHADA,006,MIGUEL URIBE LONDOÑO,PARTIDO DEMÓCRATA COLOMBIANO,37
72,VICHADA,008,ROY LEONARDO BARRERAS MONTEALEGRE,PARTIDO POLÍTICO LA FUERZA,29
72,VICHADA,007,SONDRA MACOLLINS GARVIN PINTO,"SONDRA MACOLLINS, LA ABOGADA DE HIERRO",26
72,VICHADA,010,GUSTAVO MATAMOROS CAMACHO,PARTIDO ECOLOGISTA COLOMBIANO,6
72,VICHADA,009,CARLOS EDUARDO CAICEDO OMAR,CAICEDO,0
72,VICHADA,013,LUIS GILBERTO MURILLO URRUTIA,LA OPORTUNIDAD ES COLOMBIA,0
88,CONSULADOS,004,ABELARDO DE LA ESPRIELLA,DEFENSORES DE LA PATRIA,320813
88,CONSULADOS,001,IVÁN CEPEDA CASTRO,MOVIMIENTO POLÍTICO PACTO HISTÓRICO,167759
88,CONSULADOS,011,PALOMA VALENCIA LASERNA,PARTIDO CENTRO DEMOCRÁTICO,54693
88,CONSULADOS,012,SERGIO FAJARDO VALDERRAMA,PARTIDO POLÍTICO DIGNIDAD & COMPROMISO,31705
88,CONSULADOS,002,CLAUDIA LÓPEZ,CON CLAUDIA IMPARABLES,6295
88,CONSULADOS,996,No Marcados,Sin partido / Voto especial,4623
88,CONSULADOS,003,RAÚL SANTIAGO BOTERO JARAMILLO,ROMPER EL SISTEMA,2365
88,CONSULADOS,997,Votos Nulos,Sin partido / Voto especial,1032
88,CONSULADOS,998,Votos en Blanco,Sin partido / Voto especial,668
88,CONSULADOS,007,SONDRA MACOLLINS GARVIN PINTO,"SONDRA MACOLLINS, LA ABOGADA DE HIERRO",352
88,CONSULADOS,006,MIGUEL URIBE LONDOÑO,PARTIDO DEMÓCRATA COLOMBIANO,349
88,CONSULADOS,005,ÓSCAR MAURICIO LIZCANO ARANGO,COALICIÓN F.A.M.I.L.I.A,322
88,CONSULADOS,008,ROY LEONARDO BARRERAS MONTEALEGRE,PARTIDO POLÍTICO LA FUERZA,171
88,CONSULADOS,010,GUSTAVO MATAMOROS CAMACHO,PARTIDO ECOLOGISTA COLOMBIANO,87
88,CONSULADOS,009,CARLOS EDUARDO CAICEDO OMAR,CAICEDO,0
88,CONSULADOS,013,LUIS GILBERTO MURILLO URRUTIA,LA OPORTUNIDAD ES COLOMBIA,0
